user_id,amount,hour,day_of_week,is_weekend,merchant_encoded,amount_scaled,user_id_scaled,is_night,is_lunch,is_evening
190,1541.37,8,4,0,2,-0.515937859107272,1.5411716133088376,0,0,0
56,677.25,8,6,1,2,-0.899361909201586,-0.7963156100458229,0,0,0
57,1954.36,14,1,0,0,-0.3326875021563267,-0.778871675543176,0,1,0
41,103.49,16,1,0,3,-1.1539485209940612,-1.0579746275855235,0,0,0
98,1963.9,14,5,1,1,-0.32845444952717817,-0.06367036093466062,0,1,0
12,2304.9,13,5,1,1,-0.17714722242658903,-1.5638487281622784,0,1,0
159,344.85,15,2,0,4,-1.0468531769090226,1.0004096437267893,0,0,0
59,580.59,15,4,0,2,-0.9422515179157881,-0.7439838065378827,0,0,0
94,673.12,23,2,0,3,-0.9011944571427163,-0.1334460989452475,1,0,0
175,2383.9,13,6,1,1,-0.14209364195460503,1.2795125957691367,0,1,0
70,641.18,7,5,1,3,-0.915366752842402,-0.5521005270087688,0,0,0
197,2987.79,17,4,0,0,0.12586213920015968,1.6632791548273644,0,0,1
146,2862.07,10,0,0,0,0.07007813746676954,0.7736384951923819,0,0,0
165,5840.0,11,5,1,2,1.3914339462634189,1.1050732507426695,0,0,0
110,6007.0,8,2,0,0,1.465534553083942,0.1456568530971,0,0,0
131,7961.43,13,4,0,0,2.332746822474571,0.5119794776526811,0,1,0
109,1260.68,7,0,0,0,-0.6404845616728565,0.12821291859445327,0,0,0
136,6413.03,7,6,1,2,1.6456966452236845,0.5991991501659147,0,0,0
138,143.62,22,4,0,3,-1.1361421895467103,0.6340870191712081,1,0,0
41,2469.26,19,6,1,1,-0.10421802639652201,-1.0579746275855235,0,0,1
130,3793.93,0,2,0,2,0.4835595235252885,0.4945355431500344,1,0,0
156,5098.89,20,6,1,1,1.0625914269774437,0.9480778402188491,1,0,1
1,2892.14,9,4,0,2,0.08342068385654863,-1.7557320076913923,0,0,0
79,9644.69,13,6,1,0,3.079636567604594,-0.3951051164849483,0,1,0
18,815.05,6,2,0,3,-0.8382178156694418,-1.4591851211463982,1,0,0
141,5287.34,19,5,1,0,1.146209746470423,0.6864188226791483,0,0,1
187,439.84,11,0,0,3,-1.0047045742630254,1.4888398098008973,0,0,0
167,6032.81,10,4,0,1,1.4769868684254854,1.1399611197479629,0,0,0
151,291.25,14,5,1,3,-1.070636365684951,0.8608581677056155,0,1,0
162,1077.3,10,0,0,0,-0.7218532399887101,1.0527414472347294,0,0,0
172,828.0,10,0,0,4,-0.8324716907692874,1.2271807922611966,0,0,0
147,9783.92,11,6,1,0,3.1414151753149016,0.7910824296950286,0,0,0
111,4122.75,14,3,0,2,0.6294622872062731,0.16310078759974672,0,1,0
173,4476.74,13,3,0,1,0.7865333878553568,1.2446247267638433,0,1,0
64,4492.77,23,6,1,0,0.7936461586777103,-0.6567641340246491,1,0,0
72,2788.93,9,3,0,1,0.0376247339766313,-0.5172126580034753,0,0,0
13,523.06,10,3,0,4,-0.9677785113911457,-1.5464047936596317,0,0,0
193,1090.95,23,6,1,4,-0.7157965137426014,1.5935034168167777,1,0,0
98,1504.23,9,2,0,1,-0.5324174790911894,-0.06367036093466062,0,0,0
117,6390.65,23,0,0,0,1.6357662764773173,0.267764394615627,1,0,0
40,821.81,13,1,0,4,-0.8352182940999403,-1.0754185620881702,0,1,0
139,557.06,11,3,0,4,-0.9526921603019374,0.6515309536738548,0,0,0
41,4783.48,18,0,0,0,0.9226388976525259,-1.0579746275855235,0,0,1
153,1891.94,22,0,0,0,-0.3603842678912791,0.8957460367109089,1,0,0
153,1428.16,17,1,0,0,-0.5661709710722505,0.8957460367109089,0,0,1
134,3969.8,17,5,1,2,0.5615958931152611,0.5643112811606212,0,0,1
172,5692.03,21,5,1,1,1.3257772588907673,1.2271807922611966,1,0,0
19,6003.93,12,5,1,1,1.4641723443238284,-1.4417411866437515,0,1,0
68,928.09,13,1,0,4,-0.7880601354599092,-0.5869883960140622,0,1,0
95,736.91,21,2,0,3,-0.8728898002021105,-0.11600216444260078,1,0,0
168,494.52,9,1,0,3,-0.9804421719819105,1.1574050542506098,0,0,0
170,249.28,0,4,0,3,-1.0892591349559528,1.1922929232559032,1,0,0
70,1780.85,21,6,1,0,-0.40967670149422475,-0.5521005270087688,1,0,0
163,1376.09,16,1,0,2,-0.5892752740491646,1.070185381737376,0,0,0
71,7184.04,15,5,1,1,1.9878062791439934,-0.5346565925061221,0,0,0
68,832.99,0,5,1,4,-0.8302575468888418,-0.5869883960140622,1,0,0
177,567.55,19,6,1,3,-0.9480375772747082,1.31440046477443,0,0,1
38,757.88,16,5,1,4,-0.8635850713097369,-1.1103064310934638,0,0,0
92,7076.79,9,6,1,1,1.9402177157817115,-0.16833396795054092,0,0,0
144,389.02,18,5,1,3,-1.0272542319793068,0.7387506261870884,0,0,1
46,4660.99,22,3,0,2,0.8682880992726106,-0.97075495507229,1,0,0
106,1957.72,3,3,0,2,-0.3311966156957461,0.07588111508651313,1,0,0
10,328.98,19,1,0,3,-1.0538949531380146,-1.5987365971675718,0,0,1
79,425.94,10,4,0,3,-1.0108722295612607,-0.3951051164849483,0,0,0
198,2229.55,10,1,0,2,-0.21058123873752563,1.6807230893300114,0,0,0
138,4191.91,12,0,0,1,0.6601497001865567,0.6340870191712081,0,1,0
68,7833.6,21,0,0,0,2.2760265795412327,-0.5869883960140622,1,0,0
81,4568.17,7,4,0,1,0.8271023607990721,-0.36021724747965483,0,0,0
182,477.28,17,6,1,3,-0.988091839416556,1.4016201372876638,0,0,1
185,695.32,0,6,1,4,-0.8913439573138802,1.4539519407956039,1,0,0
170,5769.96,10,1,0,1,1.3603560630196498,1.1922929232559032,0,0,0
105,2029.56,18,1,0,1,-0.299320043276666,0.05843718058386641,0,0,1
174,1202.81,14,6,1,1,-0.6661624186591061,1.26206866126649,0,1,0
1,3480.15,16,1,0,1,0.3443302516202362,-1.7557320076913923,0,0,0
114,3574.39,11,3,0,1,0.3861460671098535,0.21543259110768687,0,0,0
189,5390.54,10,2,0,1,1.1920012591882554,1.5237276788061909,0,0,0
193,5462.69,17,0,0,0,1.2240153836319723,1.5935034168167777,0,0,1
7,1978.39,17,2,0,0,-0.3220250016659244,-1.651068400675512,0,0,1
162,5641.83,11,5,1,2,1.3035027052237598,1.0527414472347294,0,0,0
63,2696.98,9,3,0,2,-0.003174971395506957,-0.6742080685272958,0,0,0
109,6135.21,17,4,0,0,1.5224234081765127,0.12821291859445327,0,0,1
13,514.92,9,0,0,4,-0.9713903613283855,-1.5464047936596317,0,0,0
144,470.26,10,1,0,3,-0.9912067272002693,0.7387506261870884,0,0,0
185,547.78,13,6,1,4,-0.9568098467168741,1.4539519407956039,0,1,0
116,538.16,13,1,0,4,-0.9610783966427032,0.2503204601129803,0,1,0
200,538.2,19,5,1,4,-0.9610606479943627,1.7156109583353047,0,0,1
86,3790.74,14,3,0,0,0.4821440688201539,-0.27299757496642124,0,1,0
99,2042.54,21,5,1,0,-0.2935606068902564,-0.046226426432013905,1,0,0
16,3584.26,9,4,0,0,0.3905255460878091,-1.4940729901516916,0,0,0
179,5163.09,20,5,1,2,1.091078007563537,1.3492883337797237,1,0,1
193,2196.27,19,2,0,2,-0.2253481141566096,1.5935034168167777,0,0,1
192,465.99,19,0,0,4,-0.9931013954105902,1.576059482314131,0,0,1
100,655.07,19,6,1,4,-0.9092035347062518,-0.028782491929367184,0,0,1
120,3788.29,17,1,0,2,0.481056964109314,0.3200961981235672,0,0,1
22,5407.7,22,2,0,1,1.1996154293262205,-1.3894093831358112,1,0,0
67,319.66,14,5,1,4,-1.0580303882012918,-0.6044323305167089,0,1,0
108,2541.12,13,6,1,2,-0.0723325796532719,0.11076898409180656,0,1,0
14,4541.73,19,4,0,1,0.8153705042461699,-1.528960859156985,0,0,1
64,7691.79,10,2,0,0,2.2131031840129793,-0.6567641340246491,0,0,0
122,1500.45,19,4,0,2,-0.5340947263593425,0.3549840671288606,0,0,1
156,496.9,8,1,0,4,-0.9793861274056659,0.9480778402188491,0,0,0
42,4025.78,22,0,0,2,0.5864351264674341,-1.0405306930828768,1,0,0
102,2784.15,7,4,0,0,0.03550377049997213,0.006105377075926253,0,0,0
27,3172.24,6,4,0,2,0.20770559385911466,-1.3021897106225777,1,0,0
11,878.45,19,5,1,4,-0.8100862080501533,-1.581292662664925,0,0,1
166,816.21,15,2,0,2,-0.8377031048675746,1.1225171852453162,0,0,0
118,3050.81,1,1,0,1,0.15382513466021577,0.28520832911827376,1,0,0
70,1029.55,14,5,1,3,-0.7430406889448776,-0.5521005270087688,0,1,0
69,2981.46,19,1,0,1,0.12305341560031594,-0.5695444615114155,0,0,1
116,297.71,20,6,1,4,-1.0677699589780012,0.2503204601129803,1,0,1
84,4078.51,18,3,0,1,0.6098322821419622,-0.3078854439717147,0,0,1
72,1822.6,14,2,0,1,-0.39115154978909394,-0.5172126580034753,0,1,0
185,455.56,18,6,1,1,-0.9977293554653092,1.4539519407956039,0,0,1
166,3570.02,14,3,0,2,0.3842070272786818,1.1225171852453162,0,1,0
170,3452.71,14,6,1,0,0.3321546788588281,1.1922929232559032,0,1,0
191,2280.52,12,4,0,1,-0.18796502358996844,1.5586155478114843,0,1,0
50,1646.0,12,0,0,2,-0.46951183221127585,-0.9009792170617031,0,1,0
48,860.83,9,5,1,3,-0.8179044876440313,-0.9358670860669965,0,0,0
73,4490.45,10,3,0,1,0.7926167370739757,-0.49976872350082857,0,0,0
78,3036.03,20,5,1,1,0.14726700909849533,-0.412549050987595,1,0,1
33,880.52,17,1,0,0,-0.8091677154985456,-1.1975261036066973,0,0,1
147,5288.46,20,4,0,1,1.14670670862395,0.7910824296950286,1,0,1
123,1463.71,14,1,0,1,-0.5503968598598576,0.37242800163150735,0,1,0
162,760.01,19,0,0,1,-0.8626399557856189,1.0527414472347294,0,0,1
31,4668.3,5,3,0,0,0.8715316647567906,-1.2324139726119907,1,0,0
58,4188.08,18,1,0,2,0.6584502671079784,-0.7614277410405293,0,0,1
146,328.07,12,3,0,4,-1.0542987348877553,0.7736384951923819,0,1,0
196,196.49,6,2,0,4,-1.1126829136029912,1.6458352203247177,1,0,0
41,968.06,17,5,1,1,-0.7703247986059193,-1.0579746275855235,0,0,1
9,2624.83,13,0,0,2,-0.03518909583922403,-1.6161805316702187,0,1,0
68,6979.92,11,1,0,0,1.8972349266637225,-0.5869883960140622,0,0,0
30,294.35,16,3,0,3,-1.069260845438582,-1.2498579071146374,0,0,0
79,3214.19,11,6,1,0,0.2263194888059468,-0.3951051164849483,0,0,0
32,441.88,19,6,1,3,-1.003799393197673,-1.214970038109344,0,0,1
21,4677.97,17,3,0,2,0.8758224004930448,-1.406853317638458,0,0,1
65,2420.21,5,6,1,2,-0.1259823064237476,-0.6393201995220024,1,0,0
196,667.7,7,3,0,4,-0.9035993989928195,1.6458352203247177,0,0,0
45,4593.87,19,2,0,1,0.8385058673576794,-0.9881988895749367,0,0,1
126,1938.98,14,4,0,1,-0.3395118574431509,0.4247598051394475,0,1,0
27,2129.0,14,4,0,1,-0.2551969035028167,-1.3021897106225777,0,1,0
141,514.13,13,6,1,3,-0.9717408971331053,0.6864188226791483,0,1,0
198,2111.72,13,4,0,1,-0.2628643195858027,1.6807230893300114,0,1,0
14,188.7,19,2,0,3,-1.1161394628672543,-1.528960859156985,0,0,1
114,2652.34,14,3,0,2,-0.02298246294322039,0.21543259110768687,0,1,0
32,906.18,11,6,1,3,-0.7977819575882785,-1.214970038109344,0,0,0
41,1530.11,22,3,0,2,-0.5209341036150509,-1.0579746275855235,1,0,0
119,941.64,15,4,0,1,-0.7820477808346512,0.30265226362092046,0,0,0
75,7489.53,17,1,0,0,2.12335714368053,-0.4648808544955352,0,0,1
38,2995.85,17,2,0,1,0.12943849184071904,-1.1103064310934638,0,0,1
35,4563.46,9,0,0,1,0.8250124574570081,-1.162638234601404,0,0,0
1,2363.26,11,1,0,2,-0.15125194449817142,-1.7557320076913923,0,0,0
169,503.05,18,1,0,3,-0.9766572727233531,1.1748489887532565,0,0,1
97,3353.74,20,6,1,2,0.2882400857029766,-0.08111429543730735,1,0,1
62,861.2,21,2,0,3,-0.817740312646884,-0.6916520030299425,1,0,0
98,393.49,12,3,0,3,-1.0252708205272842,-0.06367036093466062,0,1,0
39,3450.77,23,0,0,2,0.33129386941432615,-1.0928624965908171,1,0,0
113,7728.82,22,0,0,0,2.2295339952139606,0.19798865660504017,1,0,0
105,4849.12,15,5,1,2,0.9517644295788682,0.05843718058386641,0,0,0
102,8252.37,22,6,1,0,2.4618416161773435,0.006105377075926253,1,0,0
137,5446.77,7,6,1,1,1.216951421592555,0.6166430846685614,0,0,0
159,880.98,22,6,1,3,-0.8089636060426328,1.0004096437267893,1,0,0
59,1726.66,10,1,0,2,-0.43372168283317164,-0.7439838065378827,0,0,0
178,5290.81,13,4,0,0,1.1477494417139396,1.331844399277077,0,1,0
76,6432.21,20,3,0,0,1.6542071221028323,-0.4474369199928884,1,0,1
44,4402.57,12,3,0,0,0.7536229566704573,-1.0056428240775834,0,1,0
62,517.12,7,1,0,3,-0.9704141856696721,-0.6916520030299425,0,0,0
3,3957.66,20,0,0,0,0.5562091783439966,-1.7208441386860989,1,0,1
114,1165.07,20,3,0,2,-0.6829082683681273,0.21543259110768687,1,0,1
78,7694.99,23,2,0,0,2.2145230758801984,-0.412549050987595,1,0,0
98,167.92,23,4,0,3,-1.1253598856800113,-0.06367036093466062,1,0,0
102,5837.83,12,3,0,0,1.3904710820909607,0.006105377075926253,0,1,0
13,668.84,1,0,0,3,-0.9030935625151224,-1.5464047936596317,1,0,0
91,742.73,18,0,0,3,-0.8703073718686049,-0.18577790245318765,0,0,1
185,3482.03,16,0,0,2,0.3451644380922278,1.4539519407956039,0,0,0
113,1218.86,17,0,0,0,-0.6590407735125828,0.19798865660504017,0,0,1
76,804.43,15,4,0,2,-0.8429300818037769,-0.4474369199928884,0,0,0
136,1765.87,19,6,1,0,-0.41632357029764655,0.5991991501659147,0,0,1
124,284.34,20,1,0,3,-1.0737024446857282,0.38987193613415405,1,0,1
58,983.27,18,2,0,1,-0.7635758750745412,-0.7614277410405293,0,0,1
143,869.09,18,2,0,4,-0.8142393917617706,0.7213066916844417,0,0,1
192,1841.61,7,4,0,1,-0.3827165046653925,1.576059482314131,0,0,0
96,3973.33,11,2,0,1,0.5631622113312876,-0.09855822993995406,0,0,0
157,4251.44,18,6,1,2,0.6865641260789264,0.9655217747214958,0,0,1
180,2520.05,17,0,0,2,-0.08168168016649587,1.3667322682823704,0,0,1
30,1001.47,17,3,0,0,-0.7555002400797296,-1.2498579071146374,0,0,1
95,552.67,11,5,1,3,-0.9546400744572792,-0.11600216444260078,0,0,0
107,2816.19,21,1,0,2,0.04972043782050841,0.09332504958915985,1,0,0
72,2894.86,8,6,1,2,0.08462759194368542,-0.5172126580034753,0,0,0
176,3839.36,17,4,0,0,0.503717550877722,1.2969565302717834,0,0,1
102,582.37,16,5,1,4,-0.9414617030646473,0.006105377075926253,0,0,0
165,6789.49,9,0,0,0,1.812738049077901,1.1050732507426695,0,0,0
63,6421.65,16,4,0,0,1.6495214789410073,-0.6742080685272958,0,0,0
60,6661.01,18,2,0,0,1.755729390609034,-0.726539872035236,0,0,1
71,3119.33,18,0,0,2,0.18422856926705555,-0.5346565925061221,0,0,1
34,4928.87,23,4,0,1,0.9871507972072319,-1.1800821691040506,1,0,0
5,3172.64,12,1,0,2,0.20788308034251715,-1.6859562696808055,0,1,0
115,3670.89,11,1,0,0,0.4289646812306947,0.2328765256103336,0,0,0
158,4290.66,14,4,0,0,0.7039666757765367,0.9829657092241425,0,1,0
8,809.43,18,5,1,4,-0.8407115007612462,-1.6336244661728654,0,0,1
28,495.13,23,0,0,3,-0.9801715050947217,-1.284745776119931,1,0,0
33,5881.19,18,6,1,2,1.4097106168917861,-1.1975261036066973,0,0,1
98,4384.74,16,0,0,1,0.7457114966727931,-0.06367036093466062,0,0,0
168,4187.83,15,6,1,2,0.6583393380558518,1.1574050542506098,0,0,0
111,969.71,20,6,1,3,-0.7695926668618842,0.16310078759974672,1,0,1
81,4951.25,20,1,0,1,0.997081165953599,-0.36021724747965483,1,0,1
176,7502.78,12,5,1,1,2.1292363834432364,1.2969565302717834,0,1,0
34,277.91,6,4,0,3,-1.0765555399064226,-1.1800821691040506,1,0,0
172,617.97,6,1,0,4,-0.9256654060418292,1.2271807922611966,1,0,0
14,663.27,13,1,0,3,-0.9055650617965016,-1.528960859156985,0,1,0
55,3645.92,16,1,0,1,0.4178850875042968,-0.8137595445484695,0,0,0
196,1192.14,17,5,1,1,-0.6708968706038664,1.6458352203247177,0,0,1
197,659.83,15,0,0,3,-0.9070914455537628,1.6632791548273644,0,0,0
69,605.63,16,2,0,2,-0.9311408640547947,-0.5695444615114155,0,0,0
87,1780.8,9,3,0,2,-0.40969888730465004,-0.25555364046377455,0,0,0
163,495.65,0,2,0,3,-0.9799407726662985,1.070185381737376,1,0,0
117,2460.46,7,3,0,1,-0.108122729031376,0.267764394615627,0,0,0
14,2211.81,9,1,0,1,-0.2184527642764244,-1.528960859156985,0,0,0
70,735.38,10,5,1,3,-0.8735686860011248,-0.5521005270087688,0,0,0
30,2807.49,17,0,0,1,0.045860106806504985,-1.2498579071146374,0,0,1
125,5671.62,13,2,0,0,1.3167210110751573,0.4073158706368008,0,1,0
78,3459.44,17,4,0,0,0.33514088894207433,-0.412549050987595,0,0,1
31,462.92,19,6,1,4,-0.994463604170704,-1.2324139726119907,0,0,1
144,1000.96,14,0,0,1,-0.7557265353460677,0.7387506261870884,0,1,0
11,6955.88,19,1,0,0,1.8865679890112357,-1.581292662664925,0,0,1
182,975.48,2,6,1,4,-0.7670324243388038,1.4016201372876638,1,0,0
84,626.51,13,4,0,0,-0.921876069621187,-0.3078854439717147,0,1,0
28,4246.13,19,0,0,2,0.684207993011759,-1.284745776119931,0,0,1
80,737.92,13,3,0,1,-0.8724416468315193,-0.3776611819823016,0,1,0
50,710.17,10,1,0,2,-0.8847547716175642,-0.9009792170617031,0,0,0
38,588.41,12,2,0,4,-0.9387816571652703,-1.1103064310934638,0,1,0
20,1849.59,7,2,0,0,-0.3791756493215136,-1.4242972521411046,0,0,0
145,2603.32,21,1,0,2,-0.044733431484190705,0.7561945606897351,1,0,0
161,527.19,13,4,0,4,-0.9659459634500153,1.0352975127320827,0,1,0
78,4881.06,9,5,1,0,0.9659367252785541,-0.412549050987595,0,0,0
95,709.44,16,0,0,1,-0.8850786844497738,-0.11600216444260078,0,0,0
158,709.24,6,1,0,3,-0.8851674276914749,0.9829657092241425,1,0,0
116,3844.6,15,6,1,2,0.506042623810294,0.2503204601129803,0,0,0
39,2908.39,17,3,0,1,0.0906310722447732,-1.0928624965908171,0,0,1
166,715.16,13,0,0,3,-0.8825406277371188,1.1225171852453162,0,1,0
135,4956.22,4,1,0,2,0.9992864355098745,0.5817552156632679,1,0,0
174,5466.65,16,3,0,1,1.2257724998176565,1.26206866126649,0,0,0
85,523.88,6,6,1,3,-0.9674146641001705,-0.290441509469068,1,0,0
155,2073.94,16,5,1,2,-0.27962791794316405,0.9306339057162023,0,0,0
90,197.9,13,5,1,3,-1.1120572737489978,-0.20322183695583437,0,1,0
80,2105.5,22,4,0,2,-0.2656242344027107,-0.3776611819823016,1,0,0
172,4074.35,12,1,0,2,0.6079864227145766,1.2271807922611966,0,1,0
109,698.39,20,5,1,3,-0.8899817485537665,0.12821291859445327,1,0,1
55,1315.6,12,2,0,1,-0.6161156675017001,-0.8137595445484695,0,1,0
26,1604.31,21,1,0,1,-0.4880103609438963,-1.3196336451252244,1,0,0
10,739.63,18,1,0,3,-0.8716828921149737,-1.5987365971675718,0,0,1
178,981.57,12,0,0,2,-0.7643301926290015,1.331844399277077,0,1,0
106,3803.36,19,2,0,0,0.4877437673715014,0.07588111508651313,0,0,1
115,3813.4,17,4,0,0,0.4921986781049029,0.2328765256103336,0,0,1
121,4990.25,15,1,0,1,1.0143860980853379,0.3375401326262139,0,0,0
98,848.82,12,3,0,4,-0.8232335193081898,-0.06367036093466062,0,1,0
155,772.37,14,1,0,4,-0.8571556234484833,0.9306339057162023,0,1,0
183,4023.92,20,3,0,0,0.5856098143196127,1.4190640717903105,1,0,1
70,6307.82,19,3,0,0,1.599013262926755,-0.5521005270087688,0,0,1
116,3814.48,20,1,0,0,0.49267789161008946,0.2503204601129803,1,0,1
96,2548.08,21,2,0,1,-0.06924431484206925,-0.09855822993995406,1,0,0
183,2174.49,13,2,0,0,-0.23501225317787314,1.4190640717903105,0,1,0
121,996.12,13,6,1,0,-0.7578741217952375,0.3375401326262139,0,1,0
5,563.04,20,5,1,4,-0.9500387373750707,-1.6859562696808055,1,0,1
156,7479.63,10,4,0,0,2.1189643532163194,0.9480778402188491,0,0,0
164,1519.76,13,4,0,2,-0.5255265663730893,1.0876293162400228,0,1,0
153,7314.17,13,2,0,0,2.0455470693568953,0.8957460367109089,0,1,0
158,420.9,2,5,1,3,-1.0131085592521314,0.9829657092241425,1,0,0
22,4128.47,10,3,0,1,0.6320003439189282,-1.3894093831358112,0,0,0
142,4296.43,22,4,0,0,0.7065269182996173,0.703862757181795,1,0,0
96,3916.45,13,2,0,1,0.5379236333914591,-0.09855822993995406,0,1,0
27,689.17,18,4,0,1,-0.8940728119961929,-1.3021897106225777,0,0,1
140,625.75,18,4,0,1,-0.9222132939396515,0.6689748881765015,0,0,1
162,6268.37,19,1,0,0,1.5815086585011884,1.0527414472347294,0,0,1
118,6338.43,19,2,0,0,1.6125954160691278,0.28520832911827376,0,0,1
132,2108.38,11,4,0,0,-0.264346331722213,0.5294234121553278,0,0,0
193,1774.18,23,1,0,1,-0.41263628860496054,1.5935034168167777,1,0,0
32,5210.54,10,5,1,2,1.1121323416571525,-1.214970038109344,0,0,0
99,3093.67,14,5,1,2,0.17284281135678842,-0.046226426432013905,0,1,0
22,3189.68,22,1,0,1,0.21544400453546153,-1.3894093831358112,1,0,0
140,859.5,7,5,1,3,-0.8184946302013444,0.6689748881765015,0,0,0
110,5433.28,12,2,0,0,1.2109656899398071,0.1456568530971,0,1,0
91,605.11,17,0,0,1,-0.9313715964832179,-0.18577790245318765,0,0,1
164,7868.9,23,1,0,0,2.2916897617014986,1.0876293162400228,1,0,0
8,585.27,12,2,0,3,-0.9401749260599795,-1.6336244661728654,0,1,0
166,2441.33,19,4,0,2,-0.11661102010009826,1.1225171852453162,0,0,1
40,200.43,12,4,0,4,-1.1109346717414774,-1.0754185620881702,0,1,0
94,2854.55,13,2,0,1,0.06674139157880347,-0.1334460989452475,0,1,0
7,7716.54,11,1,0,0,2.224085160173506,-1.651068400675512,0,0,0
115,3498.66,14,2,0,1,0.3525434386396845,0.2328765256103336,0,1,0
126,7217.32,23,6,1,1,2.002573154563077,0.4247598051394475,1,0,0
23,487.47,8,4,0,3,-0.9835703712518787,-1.3719654486331645,0,0,0
182,618.62,22,3,0,4,-0.9253769905063002,1.4016201372876638,1,0,0
180,2792.84,15,1,0,0,0.039359664351890394,1.3667322682823704,0,0,0
52,1643.9,9,4,0,1,-0.4704436362491387,-0.8660913480564096,0,0,0
142,2306.67,10,3,0,1,-0.1763618447375332,0.703862757181795,0,0,0
184,2795.06,16,2,0,0,0.04034471433477391,1.4365080062929572,0,0,0
165,1114.95,15,5,1,4,-0.7051473247384543,1.1050732507426695,0,0,0
200,2044.65,13,2,0,2,-0.2926243656903085,1.7156109583353047,0,1,0
15,7646.78,16,0,0,0,2.1931315174681183,-1.5115169246543383,0,0,0
182,1268.36,14,1,0,1,-0.6370768211915295,1.4016201372876638,0,1,0
163,842.72,12,0,0,4,-0.8259401881800772,1.070185381737376,0,1,0
24,3195.08,11,0,0,2,0.21784007206139464,-1.3545215141305178,0,0,0
155,3642.94,16,1,0,1,0.4165628132029485,0.9306339057162023,0,0,0
8,5065.43,19,1,0,1,1.0477446826408285,-1.6336244661728654,0,0,1
107,3003.48,5,3,0,2,0.13282404651162083,0.09332504958915985,1,0,0
75,3805.44,16,2,0,1,0.4886666970851941,-0.4648808544955352,0,0,0
19,5307.53,22,5,1,2,1.1551683767201617,-1.4417411866437515,1,0,0
53,3021.67,6,4,0,1,0.1408952443443473,-0.8486474135537629,1,0,0
103,4384.83,16,1,0,1,0.7457514311315587,0.02354931157857297,0,0,0
62,806.45,18,2,0,1,-0.8420337750625944,-0.6916520030299425,0,0,1
158,1217.53,8,3,0,1,-0.6596309160698959,0.9829657092241425,0,0,0
84,291.49,10,4,0,3,-1.0705298737949092,-0.3078854439717147,0,0,0
79,1751.13,18,3,0,0,-0.4228639472110267,-0.3951051164849483,0,0,1
62,527.66,2,0,0,4,-0.9657374168320175,-0.6916520030299425,1,0,0
173,3278.6,16,6,1,0,0.25489924979582634,1.2446247267638433,0,0,0
35,1250.91,11,4,0,0,-0.6448196690299614,-1.162638234601404,0,0,0
50,489.57,18,5,1,4,-0.9826385672140158,-0.9009792170617031,0,0,1
196,4319.93,15,4,0,0,0.7169542491995112,1.6458352203247177,0,0,0
101,760.04,11,0,0,4,-0.8626266442993638,-0.011338557426720467,0,0,0
194,7438.05,19,5,1,1,2.1005146332666347,1.6109473513194243,0,0,1
86,3176.49,10,4,0,1,0.2095913877452657,-0.27299757496642124,0,0,0
36,7206.11,14,4,0,0,1.9975990958657235,-1.1451943000987572,0,1,0
152,3212.06,21,6,1,1,0.2253743732818287,0.8783021022082622,1,0,0
145,3027.87,14,1,0,1,0.14364628483708522,0.7561945606897351,0,1,0
79,3024.37,14,3,0,0,0.14209327810731376,-0.3951051164849483,0,1,0
168,1846.5,16,4,0,1,-0.3805467324057975,1.1574050542506098,0,0,0
159,3117.93,15,4,0,2,0.18360736657514695,1.0004096437267893,0,0,0
180,268.96,9,6,1,3,-1.0805267999725523,1.3667322682823704,0,0,0
129,2658.21,9,0,0,1,-0.020377848799289475,0.47709160864738764,0,0,0
16,645.85,20,1,0,3,-0.9132945981486784,-1.4940729901516916,1,0,1
45,5941.12,14,3,0,1,1.4363025292675584,-0.9881988895749367,0,1,0
198,2326.03,20,2,0,1,-0.16777149894085452,1.6807230893300114,1,0,1
143,3219.7,16,3,0,2,0.22876436511481543,0.7213066916844417,0,0,0
74,408.38,10,3,0,4,-1.0186638861826283,-0.4823247889981819,0,0,0
185,3260.01,18,5,1,2,0.24665056547969758,1.4539519407956039,0,0,1
102,3352.88,11,0,0,1,0.2878584897636615,0.006105377075926253,0,0,0
89,320.25,21,2,0,3,-1.0577685956382732,-0.2206657714584811,1,0,0
138,1461.27,17,0,0,2,-0.5514795274086126,0.6340870191712081,0,0,1
63,248.37,21,6,1,3,-1.0896629167056935,-0.6742080685272958,1,0,0
14,684.45,18,6,1,3,-0.8961671525003418,-1.528960859156985,0,0,1
141,267.13,14,5,1,3,-1.0813388006341185,0.6864188226791483,0,1,0
123,1044.57,14,6,1,4,-0.7363760714931156,0.37242800163150735,0,1,0
23,431.51,11,6,1,4,-1.0084007302798816,-1.3719654486331645,0,0,0
10,715.21,16,6,1,3,-0.8825184419266934,-1.5987365971675718,0,0,0
127,849.69,13,1,0,3,-0.8228474862067895,0.4422037396420942,0,1,0
10,866.06,21,2,0,4,-0.8155838518735442,-1.5987365971675718,1,0,0
165,4642.86,11,1,0,2,0.8602435244123945,1.1050732507426695,0,0,0
130,360.22,15,6,1,4,-1.0400332587842833,0.4945355431500344,0,0,0
184,356.39,11,3,0,3,-1.0417326918628618,1.4365080062929572,0,0,0
173,1909.87,1,2,0,1,-0.3524284362727643,1.2446247267638433,1,0,0
23,761.07,9,3,0,3,-0.8621696166046023,-1.3719654486331645,0,0,0
83,1501.32,17,2,0,0,-0.5337086932579422,-0.3253293784743614,0,0,1
150,2841.62,0,3,0,1,0.06100414100281913,0.8434142332029687,1,0,0
16,3631.2,1,3,0,2,0.4113535849150865,-1.4940729901516916,1,0,0
181,2504.7,8,1,0,1,-0.08849272396706506,1.384176202785017,0,0,0
95,4725.24,17,4,0,2,0.8967968656691292,-0.11600216444260078,0,0,1
96,364.68,10,1,0,4,-1.0380542844943461,-0.09855822993995406,0,0,0
171,759.86,17,4,0,4,-0.8627065132168948,1.2097368577585499,0,0,1
136,706.6,19,6,1,3,-0.8863388384819312,0.5991991501659147,0,0,1
141,592.64,6,4,0,1,-0.9369047376032894,0.6864188226791483,1,0,0
175,1270.82,10,1,0,1,-0.6359852793186045,1.2795125957691367,0,0,0
115,5848.54,18,5,1,2,1.3952232826840614,0.2328765256103336,0,0,1
79,2955.83,13,0,0,1,0.11168096917630387,-0.3951051164849483,0,1,0
149,654.54,13,2,0,3,-0.9094387042967601,0.825970298700322,0,1,0
18,780.12,5,2,0,1,-0.8537168228325608,-1.4591851211463982,1,0,0
197,4678.83,4,4,0,1,0.8762039964323599,1.6632791548273644,1,0,0
97,590.55,23,5,1,3,-0.9378321044790673,-0.08111429543730735,1,0,0
35,1043.61,7,6,1,4,-0.7368020390532815,-1.162638234601404,0,0,0
58,10309.48,20,6,1,0,3.374614665857381,-0.7614277410405293,1,0,1
185,513.5,18,0,0,4,-0.9720204383444642,1.4539519407956039,0,0,1
49,1834.43,14,6,1,2,-0.38590238704246643,-0.9184231515643498,0,1,0
5,3235.76,4,0,0,2,0.235890447423424,-1.6859562696808055,1,0,0
13,688.13,10,2,0,0,-0.8945342768530393,-1.5464047936596317,0,0,0
56,1590.8,18,3,0,1,-0.4940049669208141,-0.7963156100458229,0,0,1
148,382.3,8,0,0,4,-1.030236004900468,0.8085263641976753,0,0,0
37,381.68,19,6,1,4,-1.0305111089497418,-1.1277503655961105,0,0,1
189,1805.66,14,0,0,1,-0.39866810236118766,1.5237276788061909,0,1,0
89,3101.69,16,1,0,1,0.17640141534900755,-0.2206657714584811,0,0,0
97,470.96,18,5,1,4,-0.9908961258543149,-0.08111429543730735,0,0,1
77,5155.51,18,2,0,1,1.0877146387030605,-0.42999298549024173,0,0,1
35,634.32,19,4,0,4,-0.9184106460327539,-1.162638234601404,0,0,1
116,5337.46,10,0,0,0,1.16844880284075,0.2503204601129803,0,0,0
155,335.15,8,5,1,3,-1.051157224131532,0.9306339057162023,0,0,0
186,8138.95,20,5,1,0,2.4115153238085787,1.4713958752982506,1,0,1
4,5193.53,15,1,0,1,1.1045847289504631,-1.7034002041834522,0,0,0
194,404.92,21,6,1,4,-1.0201991442640594,1.6109473513194243,1,0,0
83,755.79,21,5,1,3,-0.8645124381855148,-0.3253293784743614,1,0,0
67,2370.15,12,1,0,1,-0.14819473982156428,-0.6044323305167089,0,1,0
82,917.98,14,4,0,1,-0.7925461063279061,-0.34277331297700814,0,1,0
57,3859.81,13,5,1,2,0.5127915473416722,-0.778871675543176,0,1,0
51,3621.15,2,4,0,1,0.4068942370196001,-0.8835352825590564,1,0,0
141,1659.58,10,0,0,1,-0.4634861660997627,0.6864188226791483,0,0,0
190,5959.43,22,6,1,1,1.4444269730453059,1.5411716133088376,1,0,0
36,488.6,15,6,1,3,-0.9830689719362667,-1.1451943000987572,0,0,0
9,705.78,15,6,1,4,-0.8867026857729062,-1.6161805316702187,0,0,0
106,3902.43,21,2,0,2,0.5317027321482032,0.07588111508651313,1,0,0
96,5863.03,19,3,0,0,1.401652730545315,-0.09855822993995406,0,0,1
124,3239.4,16,0,0,2,0.23750557442238626,0.38987193613415405,0,0,0
71,4698.55,14,0,0,0,0.8849540800641009,-0.5346565925061221,0,1,0
173,8573.51,23,5,1,0,2.604336639377001,1.2446247267638433,1,0,0
50,309.3,19,6,1,4,-1.0626272881214152,-0.9009792170617031,0,0,1
102,339.91,14,2,0,3,-1.0490451349790428,0.006105377075926253,0,1,0
176,3556.22,12,3,0,1,0.37808374360129715,1.2969565302717834,0,1,0
24,641.54,17,3,0,3,-0.9152070150073398,-1.3545215141305178,0,0,1
128,650.47,12,2,0,1,-0.9112446292653802,0.45964767414474095,0,1,0
25,7633.15,17,6,1,1,2.1870836655461794,-1.337077579627871,0,0,1
70,7236.61,20,4,0,0,2.0111324402251602,-0.5521005270087688,1,0,1
140,360.65,21,5,1,3,-1.0398424608146257,0.6689748881765015,1,0,0
37,6912.11,17,2,0,0,1.8671465305649224,-1.1277503655961105,0,0,1
146,4733.04,21,1,0,0,0.900257852095477,0.7736384951923819,1,0,0
177,2482.23,17,0,0,1,-0.09846302717219764,1.31440046477443,0,0,1
112,102.05,14,3,0,4,-1.15458747233431,0.18054472210239345,0,1,0
199,4731.59,19,1,0,1,0.8996144635931432,1.698167023832658,0,0,1
126,7730.77,3,6,1,1,2.230399241820548,0.4247598051394475,1,0,0
22,442.46,12,1,0,4,-1.0035420377967395,-1.3894093831358112,0,1,0
69,984.84,11,2,0,0,-0.7628792406271865,-0.5695444615114155,0,0,0
24,296.36,13,5,1,4,-1.0683689758594845,-1.3545215141305178,0,1,0
27,4669.9,21,0,0,1,0.8722416106904001,-1.3021897106225777,1,0,0
23,3451.53,7,2,0,1,0.3316310937327909,-1.3719654486331645,0,0,0
99,4769.48,15,3,0,1,0.9164268707334402,-0.046226426432013905,0,0,0
63,871.05,11,1,0,1,-0.8133697079930987,-0.6742080685272958,0,0,0
69,1116.54,14,3,0,2,-0.7044418159669297,-0.5695444615114155,0,1,0
20,1747.21,11,3,0,0,-0.42460331474837076,-1.4242972521411046,0,0,0
153,5229.4,10,4,0,0,1.120500829349578,0.8957460367109089,0,0,0
159,2827.56,9,1,0,0,0.054765491111223016,1.0004096437267893,0,0,0
167,2836.24,19,6,1,1,0.05861694780105613,1.1399611197479629,0,0,1
102,7420.96,9,6,1,1,2.0929315232632653,0.006105377075926253,0,0,0
148,643.64,12,5,1,3,-0.914275210969477,0.8085263641976753,0,1,0
52,6317.31,12,3,0,0,1.6032241297454783,-0.8660913480564096,0,1,0
7,8209.63,23,5,1,0,2.442877185425791,-1.651068400675512,1,0,0
105,6491.89,21,3,0,0,1.680688105426478,0.05843718058386641,1,0,0
169,1496.79,14,2,0,2,-0.5357187276824751,1.1748489887532565,0,1,0
103,310.25,18,5,1,4,-1.0622057577233344,0.02354931157857297,0,0,1
140,861.45,15,5,1,4,-0.8176293835947575,0.6689748881765015,0,0,0
22,5334.97,18,4,0,1,1.16734394948157,-1.3894093831358112,0,0,1
166,468.93,19,6,1,3,-0.9917968697575823,1.1225171852453162,0,0,1
111,590.6,5,1,0,4,-0.9378099186686419,0.16310078759974672,1,0,0
133,4208.72,1,6,1,1,0.6676085696515449,0.5468673466579745,1,0,0
151,2774.27,15,1,0,1,0.03111985435993155,0.8608581677056155,0,0,0
27,494.37,14,4,0,1,-0.9805087294131865,-1.3021897106225777,0,1,0
80,262.79,13,2,0,4,-1.0832645289790352,-0.3776611819823016,0,1,0
122,4111.88,13,1,0,0,0.6246390920198116,0.3549840671288606,0,1,0
30,425.95,14,5,1,3,-1.0108677923991756,-1.2498579071146374,0,1,0
43,3601.48,19,2,0,2,0.39816633919828454,-1.0230867585802301,0,0,1
104,2136.82,14,3,0,1,-0.25172704275229874,0.04099324608121969,0,1,0
8,2412.67,9,3,0,2,-0.12932792663588377,-1.6336244661728654,0,0,0
72,2783.21,20,1,0,1,0.035086677263976344,-0.5172126580034753,1,0,1
94,2870.66,15,1,0,2,0.07388965969783703,-0.1334460989452475,0,0,0
81,7043.17,10,6,1,0,1.9252999768517352,-0.36021724747965483,0,0,0
91,1176.26,14,6,1,2,-0.6779430839949437,-0.18577790245318765,0,1,0
22,588.61,16,2,0,3,-0.938692913923569,-1.3894093831358112,0,0,0
47,2856.34,8,2,0,0,0.06753564359202943,-0.9533110205696432,0,0,0
48,571.55,18,5,1,3,-0.9462627124406837,-0.9358670860669965,0,0,1
45,772.4,17,6,1,3,-0.857142311962228,-0.9881988895749367,0,0,1
92,1941.21,9,1,0,0,-0.3385223702981822,-0.16833396795054092,0,0,0
144,3321.37,14,1,0,0,0.27387699203363336,0.7387506261870884,0,1,0
43,3089.42,17,1,0,1,0.17095701747063738,-1.0230867585802301,0,0,1
9,1361.97,15,3,0,2,-0.595540546913271,-1.6161805316702187,0,0,0
127,6276.72,10,0,0,0,1.5852136888422146,0.4422037396420942,0,0,0
140,1792.47,14,0,0,1,-0.4045207191513835,0.6689748881765015,0,1,0
109,3863.26,15,4,0,2,0.5143223682610184,0.12821291859445327,0,0,0
9,405.53,19,6,1,3,-1.0199284773768706,-1.6161805316702187,0,0,1
61,223.1,11,1,0,3,-1.1008756252946434,-0.7090959375325893,0,0,0
182,462.83,20,5,1,3,-0.9945035386294697,1.4016201372876638,1,0,1
16,1553.43,16,1,0,0,-0.510586641632688,-1.4940729901516916,0,0,0
83,4573.55,12,2,0,0,0.829489554000835,-0.3253293784743614,0,1,0
25,7010.22,11,2,0,0,1.9106795277814588,-1.337077579627871,0,0,0
71,4619.47,22,3,0,2,0.8498650022954364,-0.5346565925061221,1,0,0
195,404.63,9,6,1,4,-1.0203278219645262,1.628391285822071,0,0,0
161,5151.87,13,2,0,0,1.0860995117040981,1.0352975127320827,0,1,0
192,6465.5,12,4,0,0,1.668978434684001,1.576059482314131,0,1,0
125,395.13,17,0,0,3,-1.0245431259453344,0.4073158706368008,0,0,1
163,1130.24,16,6,1,4,-0.6983629039103957,1.070185381737376,0,0,0
102,741.1,17,1,0,3,-0.8710306292884699,0.006105377075926253,0,0,1
141,651.72,22,6,1,4,-0.9106899840047474,0.6864188226791483,1,0,0
175,699.03,8,3,0,3,-0.8896977701803226,1.2795125957691367,0,0,0
41,1014.09,6,6,1,3,-0.7499005415283823,-1.0579746275855235,1,0,0
177,482.61,13,0,0,4,-0.9857268320252184,1.31440046477443,0,1,0
93,5300.02,20,2,0,1,1.151836067994281,-0.15089003344789423,1,0,1
14,3369.5,7,4,0,2,0.29523305314903325,-1.528960859156985,0,0,0
25,3854.33,16,1,0,2,0.5103599825190586,-1.337077579627871,0,0,0
133,4962.01,10,0,0,0,1.001855552357125,0.5468673466579745,0,0,0
178,3148.88,13,3,0,0,0.1973403832284117,1.331844399277077,0,1,0
27,1238.16,14,2,0,0,-0.6504770506884144,-1.3021897106225777,0,1,0
35,328.04,13,6,1,4,-1.0543120463740105,-1.162638234601404,0,1,0
3,5716.25,23,5,1,0,1.3365240654607857,-1.7208441386860989,1,0,0
106,4398.0,17,1,0,1,0.7515951735975844,0.07588111508651313,0,0,1
26,185.7,17,1,0,3,-1.1174706114927726,-1.3196336451252244,0,0,1
36,2531.28,18,3,0,1,-0.07669874714497205,-1.1451943000987572,0,0,1
154,4640.53,11,3,0,0,0.8592096656465752,0.9131899712135556,0,0,0
53,228.62,11,0,0,4,-1.0984263118236897,-0.8486474135537629,0,0,0
166,3354.41,16,3,0,0,0.2885373755626758,1.1225171852453162,0,0,0
164,388.96,19,6,1,4,-1.027280854951817,1.0876293162400228,0,0,1
93,216.36,7,6,1,4,-1.1038662725399746,-0.15089003344789423,0,0,0
196,692.44,9,5,1,4,-0.8926218599943779,1.6458352203247177,0,0,0
18,533.49,21,4,0,2,-0.9631505513364267,-1.4591851211463982,1,0,0
161,968.04,11,1,0,0,-0.7703336729300895,1.0352975127320827,0,0,0
164,2535.35,18,1,0,1,-0.07489282217635224,1.0876293162400228,0,0,1
40,1518.29,16,5,1,0,-0.5261788291995934,-1.0754185620881702,0,0,0
167,890.02,13,5,1,3,-0.8049524115177374,1.1399611197479629,0,1,0
63,2829.02,16,3,0,1,0.05541331677564198,-0.6742080685272958,0,0,0
15,5081.58,21,4,0,0,1.0549106994082025,-1.5115169246543383,1,0,0
3,1235.05,17,4,0,2,-0.6518570080968686,-1.7208441386860989,0,0,1
185,4210.3,15,6,1,1,0.6683096412609846,1.4539519407956039,0,0,0
198,8242.75,10,5,1,0,2.4575730662515145,1.6807230893300114,0,0,0
68,3389.53,12,3,0,1,0.3041206888054111,-0.5869883960140622,0,1,0
43,3304.55,16,3,0,1,0.26641368540656046,-1.0230867585802301,0,0,0
173,1099.13,10,5,1,4,-0.7121669151570212,1.2446247267638433,0,0,0
121,575.42,10,0,0,1,-0.9445455307137648,0.3375401326262139,0,0,0
10,7455.29,12,4,0,0,2.1081643007012802,-1.5987365971675718,0,1,0
185,3422.26,19,0,0,2,0.31864352030981663,1.4539519407956039,0,0,1
129,4290.81,12,5,1,0,0.704033233207813,0.47709160864738764,0,1,0
18,6655.81,20,2,0,0,1.7534220663248024,-1.4591851211463982,1,0,1
23,1814.75,19,3,0,2,-0.394634722025867,-1.3719654486331645,0,0,1
63,1979.73,13,0,0,1,-0.3214304219465262,-0.6742080685272958,0,1,0
199,818.24,12,3,0,4,-0.8368023609643072,1.698167023832658,0,1,0
7,4904.94,18,4,0,1,0.97653266833768,-1.651068400675512,0,0,1
3,3684.06,15,1,0,2,0.4348084236967204,-1.7208441386860989,0,0,0
136,4302.09,0,0,0,2,0.709038352039762,0.5991991501659147,1,0,0
37,856.23,13,2,0,4,-0.8199455822031595,-1.1277503655961105,0,1,0
96,745.89,7,0,0,4,-0.8689052286497255,-0.09855822993995406,0,0,0
35,1207.21,22,2,0,0,-0.6642100673416791,-1.162638234601404,1,0,0
61,4640.24,19,4,0,0,0.8590809879461084,-0.7090959375325893,0,0,1
180,4915.92,11,2,0,1,0.9814046723070775,1.3667322682823704,0,0,0
150,941.14,13,6,1,1,-0.7822696389389043,0.8434142332029687,0,1,0
105,5250.53,10,6,1,0,1.1298765528353125,0.05843718058386641,0,0,0
31,291.67,15,1,0,4,-1.0704500048773782,-1.2324139726119907,0,0,0
179,4238.01,9,4,0,2,0.6806050173986894,1.3492883337797237,0,0,0
92,394.8,5,0,0,3,-1.0246895522941413,-0.16833396795054092,1,0,0
45,1617.25,14,1,0,2,-0.482268673205827,-0.9881988895749367,0,1,0
27,490.16,21,3,0,3,-0.9823767746509973,-1.3021897106225777,1,0,0
57,6350.29,8,3,0,0,1.6178578903020102,-0.778871675543176,0,0,0
151,4231.19,10,2,0,1,0.6775788728566773,0.8608581677056155,0,0,0
51,10364.17,21,5,1,0,3.3988815053005816,-0.8835352825590564,1,0,0
11,9491.22,14,5,1,0,3.011539441085158,-1.581292662664925,0,1,0
186,435.46,5,3,0,4,-1.0066480512562823,1.4713958752982506,1,0,0
71,2665.56,14,1,0,1,-0.017116534666769486,-0.5346565925061221,0,1,0
158,5192.61,13,0,0,0,1.1041765100386376,0.9829657092241425,0,1,0
99,5310.6,17,3,0,1,1.1565305854802757,-0.046226426432013905,0,0,1
64,4069.92,13,3,0,2,0.6060207599108944,-0.6567641340246491,0,1,0
123,352.86,23,3,0,1,-1.0432990100788884,0.37242800163150735,1,0,0
83,4621.64,19,6,1,1,0.8508278664678948,-0.3253293784743614,0,0,1
72,5068.05,11,0,0,0,1.0489072191071147,-0.5172126580034753,0,0,0
150,2354.07,19,0,0,1,-0.15532969645434275,0.8434142332029687,0,0,1
189,5416.94,22,1,0,0,1.203715367092817,1.5237276788061909,1,0,0
100,673.32,18,0,0,4,-0.901105713901015,-0.028782491929367184,0,0,1
189,283.97,21,3,0,4,-1.0738666196828754,1.5237276788061909,1,0,0
91,828.56,13,5,1,3,-0.832223209692524,-0.18577790245318765,0,1,0
127,1475.93,15,2,0,1,-0.5449746477919127,0.4422037396420942,0,0,0
60,1015.57,12,6,1,2,-0.7492438415397932,-0.726539872035236,0,1,0
34,333.07,10,0,0,1,-1.0520801538452245,-1.1800821691040506,0,0,0
83,766.67,18,1,0,4,-0.8596848058369682,-0.3253293784743614,0,0,1
94,5542.94,2,0,0,1,1.2596236093645887,-0.1334460989452475,1,0,0
26,351.04,12,2,0,4,-1.0441065735783694,-1.3196336451252244,0,1,0
125,1765.3,11,1,0,0,-0.416576488536495,0.4073158706368008,0,0,0
158,635.24,13,6,1,3,-0.9180024271209283,0.9829657092241425,0,1,0
33,1272.81,10,3,0,1,-0.6351022840636773,-1.1975261036066973,0,0,0
101,933.07,18,1,0,4,-0.7858504287415486,-0.011338557426720467,0,0,1
145,4671.38,4,2,0,2,0.8728983106789894,0.7561945606897351,1,0,0
61,7897.2,21,6,1,0,2.304246930402223,-0.7090959375325893,1,0,0
164,7206.56,22,2,0,0,1.9977987681595517,1.0876293162400228,1,0,0
18,2413.12,13,0,0,0,-0.1291282543420561,-1.4591851211463982,0,1,0
43,448.38,11,2,0,0,-1.0009152378423831,-1.0230867585802301,0,0,0
26,3465.68,14,3,0,1,0.3379096780831525,-1.3196336451252244,0,1,0
9,840.46,19,5,1,3,-0.8269429868113011,-1.6161805316702187,0,0,1
88,1339.58,2,2,0,0,-0.6054753528217232,-0.23810970596112782,1,0,0
87,1191.57,20,0,0,0,-0.671149788842715,-0.25555364046377455,1,0,1
111,828.08,23,6,1,4,-0.8324361934726069,0.16310078759974672,1,0,0
49,362.81,10,6,1,4,-1.0388840338042524,-0.9184231515643498,0,0,0
68,3778.03,17,3,0,2,0.47650443581004126,-0.5869883960140622,0,0,1
40,786.14,11,0,0,0,-0.8510456512573539,-1.0754185620881702,0,0,0
170,2211.48,13,6,1,2,-0.2185991906252314,1.1922929232559032,0,1,0
21,712.84,16,3,0,0,-0.8835700493408529,-1.406853317638458,0,0,0
126,2602.06,19,4,0,1,-0.04529251390690852,0.4247598051394475,0,0,1
48,2148.84,11,0,0,2,-0.24639357392605513,-0.9358670860669965,0,0,0
69,1836.89,5,1,0,1,-0.38481084516954134,-0.5695444615114155,1,0,0
139,3509.75,6,2,0,2,0.35746425139201754,0.6515309536738548,1,0,0
100,3479.07,22,3,0,1,0.34385103811504963,-0.028782491929367184,1,0,0
122,5139.29,13,3,0,1,1.080517561801091,0.3549840671288606,0,1,0
129,702.0,7,3,0,4,-0.8883799330410593,0.47709160864738764,0,0,0
194,571.98,20,3,0,3,-0.9460719144710259,1.6109473513194243,1,0,1
50,861.76,9,1,0,4,-0.8174918315701206,-0.9009792170617031,0,0,0
38,5651.1,5,2,0,0,1.3076159544766117,-1.1103064310934638,1,0,0
18,1173.8,12,6,1,4,-0.6790346258678689,-1.4591851211463982,0,1,0
4,2149.85,13,4,0,1,-0.24594542055546403,-1.7034002041834522,0,1,0
107,595.45,17,5,1,3,-0.9356578950573871,0.09332504958915985,0,0,1
145,937.9,9,5,1,3,-0.7837072794544641,0.7561945606897351,0,0,0
106,1009.21,19,5,1,4,-0.7520658766258922,0.07588111508651313,0,0,1
37,4184.98,14,5,1,2,0.6570747468616092,-1.1277503655961105,0,1,0
85,587.76,16,2,0,2,-0.9390700727007993,-0.290441509469068,0,0,0
78,4643.91,10,4,0,2,0.860709426431326,-0.412549050987595,0,0,0
26,4262.15,11,4,0,1,0.691316326672027,-1.3196336451252244,0,0,0
107,500.5,8,1,0,4,-0.9777887490550439,0.09332504958915985,0,0,0
105,2050.22,16,0,0,0,-0.29015286640892946,0.05843718058386641,0,0,0
80,963.52,19,6,1,4,-0.7723392701925371,-0.3776611819823016,0,0,1
146,2808.9,13,1,0,2,0.04648574666049876,0.7736384951923819,0,1,0
13,292.6,9,3,0,3,-1.0700373488034676,-1.5464047936596317,0,0,0
130,6680.89,17,4,0,0,1.7645504688341358,0.4945355431500344,0,0,1
46,682.51,16,1,0,0,-0.8970279619448438,-0.97075495507229,0,0,0
67,1280.25,16,4,0,1,-0.6318010354723916,-0.6044323305167089,0,0,0
55,925.18,7,4,0,0,-0.7893513496266621,-0.8137595445484695,0,0,0
105,1568.65,17,0,0,2,-0.5038332809392247,0.05843718058386641,0,0,1
166,4040.77,2,2,0,2,0.5930864324329409,1.1225171852453162,1,0,0
79,2399.08,16,1,0,0,-0.1353580299094821,-0.3951051164849483,0,0,0
78,989.14,12,5,1,4,-0.7609712609306102,-0.412549050987595,0,1,0
2,3097.58,14,2,0,2,0.17457774173204732,-1.7382880731887456,0,1,0
73,717.36,23,2,0,4,-0.8815644520784052,-0.49976872350082857,1,0,0
71,2191.54,17,3,0,1,-0.22744689182284358,-0.5346565925061221,0,0,1
49,5490.24,12,4,0,0,1.236239765176316,-0.9184231515643498,0,1,0
154,760.92,15,5,1,1,-0.8622361740358784,0.9131899712135556,0,0,0
67,3621.07,17,2,0,2,0.4068587397229196,-0.6044323305167089,0,0,1
147,2938.66,13,4,0,2,0.10406236187625365,0.7910824296950286,0,1,0
172,3520.38,12,3,0,2,0.3621809546884377,1.2271807922611966,0,1,0
143,653.02,14,3,0,3,-0.9101131529336894,0.7213066916844417,0,1,0
47,4513.3,11,2,0,1,0.8027556524383409,-0.9533110205696432,0,0,0
58,1359.16,20,3,0,2,-0.5967873894591732,-0.7614277410405293,1,0,1
31,343.65,13,4,0,3,-1.0473856363592298,-1.2324139726119907,0,1,0
159,3040.85,5,4,0,2,0.14940572122349474,1.0004096437267893,1,0,0
106,1372.71,14,2,0,0,-0.5907750348339151,0.07588111508651313,0,1,0
88,10269.31,20,6,1,0,3.35679058576169,-0.23810970596112782,1,0,1
47,853.23,23,3,0,3,-0.8212767308286778,-0.9533110205696432,1,0,0
163,1291.39,14,3,0,2,-0.6268580369096334,1.070185381737376,0,1,0
126,6250.56,0,0,0,0,1.5736060728276944,0.4247598051394475,1,0,0
110,2821.79,8,4,0,1,0.052205248588142676,0.1456568530971,0,0,0
83,2548.38,14,5,1,0,-0.06911119997951733,-0.3253293784743614,0,1,0
64,3288.78,9,4,0,2,0.25941628079841883,-0.6567641340246491,0,0,0
43,985.32,17,0,0,1,-0.7626662568471035,-1.0230867585802301,0,0,1
187,2725.74,19,1,0,0,0.009586306761129138,1.4888398098008973,0,0,1
126,5407.24,16,3,0,1,1.1994113198703076,0.4247598051394475,0,0,0
104,7300.41,18,3,0,0,2.039441534327851,0.04099324608121969,0,0,1
44,996.88,10,2,0,2,-0.7575368974767727,-1.0056428240775834,0,0,0
164,505.46,12,1,0,2,-0.9755879166608534,1.0876293162400228,0,1,0
6,3154.89,18,4,0,2,0.2000071176415334,-1.6685123351781588,0,0,1
141,2776.23,18,6,1,2,0.03198953812860357,0.6864188226791483,0,0,1
170,5685.03,14,4,0,0,1.3226712454312244,1.1922929232559032,0,1,0
36,4835.01,17,5,1,1,0.9455035938768469,-1.1451943000987572,0,0,1
28,5908.92,19,4,0,0,1.4220148673536612,-1.284745776119931,0,0,1
134,2489.03,10,0,0,0,-0.09544575695435589,0.5643112811606212,0,0,0
177,1109.3,12,4,0,1,-0.7076543213165141,1.31440046477443,0,1,0
29,7149.29,13,5,1,0,1.9723871408984055,-1.2673018416172843,0,1,0
26,1095.66,17,3,0,0,-0.7137066104005375,-1.3196336451252244,0,0,1
68,5864.67,16,4,0,1,1.4023804251272651,-0.5869883960140622,0,0,0
174,746.5,5,3,0,3,-0.8686345617625367,1.26206866126649,1,0,0
12,8904.38,14,5,1,0,2.7511490212854226,-1.5638487281622784,0,1,0
160,1150.81,19,1,0,2,-0.6892356615014247,1.017853578229436,0,0,1
47,8628.52,21,6,1,0,2.628745468006923,-0.9533110205696432,1,0,0
108,280.44,13,0,0,4,-1.075432937898902,0.11076898409180656,0,1,0
186,1962.76,21,6,1,0,-0.3289602860048752,1.4713958752982506,1,0,0
146,266.11,22,0,0,3,-1.081791391166795,0.7736384951923819,1,0,0
157,3953.77,13,2,0,2,0.5544831222929079,0.9655217747214958,0,1,0
125,667.39,19,3,0,3,-0.9037369510174564,0.4073158706368008,0,0,1
168,624.9,20,0,0,1,-0.9225904527168817,1.1574050542506098,1,0,1
58,696.36,1,5,1,4,-0.8908824924570339,-0.7614277410405293,1,0,0
159,4142.84,20,1,0,1,0.6383765458351612,1.0004096437267893,1,0,1
39,557.51,14,5,1,3,-0.9524924880081097,-1.0928624965908171,0,1,0
41,392.23,20,1,0,2,-1.0258299029500022,-1.0579746275855235,1,0,1
62,766.97,19,1,0,3,-0.8595516909744163,-0.6916520030299425,0,0,1
165,2196.66,22,0,0,0,-0.2251750648352923,1.1050732507426695,1,0,0
128,3792.92,14,6,1,1,0.4831113701546974,0.45964767414474095,0,1,0
5,657.22,12,1,0,4,-0.9082495448579637,-1.6859562696808055,0,1,0
159,6021.83,14,6,1,0,1.472114864456088,1.0004096437267893,0,1,0
172,1400.36,11,4,0,1,-0.5785062816687209,1.2271807922611966,0,0,0
144,618.69,21,2,0,1,-0.9253459303717048,0.7387506261870884,1,0,0
116,2125.4,16,2,0,2,-0.2567942818534388,0.2503204601129803,0,0,0
75,366.63,7,0,0,2,-1.037189037887759,-0.4648808544955352,0,0,0
43,666.53,14,0,0,2,-0.9041185469567716,-1.0230867585802301,0,1,0
49,3772.93,8,0,0,2,0.47424148314665987,-0.9184231515643498,0,0,0
49,2947.93,21,1,0,1,0.10817561112910543,-0.9184231515643498,1,0,0
198,5616.59,7,1,0,1,1.2923033081210653,1.6807230893300114,0,0,0
128,3117.09,13,1,0,1,0.18323464496000194,0.45964767414474095,0,1,0
131,7545.22,15,0,0,0,2.1480676993322363,0.5119794776526811,0,0,0
27,6565.61,17,1,0,0,1.7133988643175493,-1.3021897106225777,0,0,1
156,1918.75,17,0,0,2,-0.34848823634122983,0.9480778402188491,0,0,1
76,7691.63,18,4,0,0,2.2130321894196183,-0.4474369199928884,0,0,1
180,5064.23,19,1,0,0,1.047212223190621,1.3667322682823704,0,0,1
162,4664.14,19,0,0,2,0.8696858053294051,1.0527414472347294,0,0,1
182,387.8,11,6,1,3,-1.0277955657536841,1.4016201372876638,0,0,0
164,5978.12,22,6,1,0,1.452720028982285,1.0876293162400228,1,0,0
182,632.92,18,6,1,4,-0.9190318487246626,1.4016201372876638,0,0,1
109,437.6,17,4,0,3,-1.0056984985700792,0.12821291859445327,0,0,1
193,1573.91,14,1,0,0,-0.5014993336824825,1.5935034168167777,0,1,0
16,276.64,23,6,1,3,-1.0771190594912254,-1.4940729901516916,1,0,0
158,4524.15,18,4,0,0,0.8075699733006322,0.9829657092241425,0,0,1
144,675.15,18,2,0,3,-0.9002937132394488,0.7387506261870884,0,0,1
98,4057.27,10,0,0,2,0.6004077498732919,-0.06367036093466062,0,0,0
142,3623.52,13,0,0,2,0.40794584443375953,0.703862757181795,0,1,0
58,4996.49,1,6,1,1,1.017154887226416,-0.7614277410405293,1,0,0
140,3774.38,17,4,0,2,0.47488487164899384,0.6689748881765015,0,0,1
20,1154.23,9,0,0,2,-0.6877181520683338,-1.4242972521411046,0,0,0
11,994.3,22,2,0,2,-0.7586816852947186,-1.581292662664925,1,0,0
120,1560.33,12,5,1,1,-0.5075249997939958,0.3200961981235672,0,1,0
199,766.53,5,5,1,4,-0.859746926106159,1.698167023832658,1,0,0
182,2614.27,16,3,0,2,-0.0398747390010487,1.4016201372876638,0,0,0
130,674.64,15,5,1,4,-0.9005200085057871,0.4945355431500344,0,0,0
85,265.3,14,6,1,3,-1.0821508012956846,-0.290441509469068,0,1,0
136,6178.99,12,0,0,0,1.5418493037849108,0.5991991501659147,0,1,0
115,861.97,23,4,0,3,-0.8173986511663343,0.2328765256103336,1,0,0
11,3261.32,20,2,0,2,0.24723183371284058,-1.581292662664925,1,0,1
186,4867.52,20,3,0,1,0.9599288078153811,1.4713958752982506,1,0,1
132,4716.99,3,1,0,1,0.8931362069489537,0.5294234121553278,1,0,0
25,7258.33,13,2,0,0,2.0207699562739134,-1.337077579627871,0,1,0
161,2908.93,22,0,0,2,0.09087067899736649,1.0352975127320827,1,0,0
53,1343.09,10,1,0,2,-0.6039179089298667,-0.8486474135537629,0,0,0
112,826.66,20,5,1,4,-0.8330662704886856,0.18054472210239345,1,0,1
10,7401.78,20,5,1,0,2.0844210463841173,-1.5987365971675718,1,0,1
19,2401.12,6,4,0,0,-0.1344528488441296,-1.4417411866437515,1,0,0
81,407.2,19,3,0,4,-1.0191874713086655,-0.36021724747965483,0,0,1
185,559.63,13,2,0,0,-0.9515518096460766,1.4539519407956039,0,1,0
129,636.61,6,2,0,2,-0.9173945359152749,0.47709160864738764,1,0,0
73,663.29,12,6,1,3,-0.9055561874723316,-0.49976872350082857,0,1,0
192,189.59,12,0,0,3,-1.1157445554416836,1.576059482314131,0,1,0
163,371.05,19,1,0,3,-1.0352278122461618,1.070185381737376,0,0,1
3,825.99,11,4,0,3,-0.8333635603483847,-1.7208441386860989,0,0,0
147,759.75,20,0,0,0,-0.8627553219998305,0.7910824296950286,1,0,1
186,273.64,14,6,1,3,-1.0784502081167437,1.4713958752982506,0,1,0
37,868.25,10,2,0,4,-0.8146121133769159,-1.1277503655961105,0,0,0
146,453.4,10,6,1,3,-0.9986877824756824,0.7736384951923819,0,0,0
119,1213.54,20,6,1,4,-0.6614013437418353,0.30265226362092046,1,0,1
125,926.76,16,5,1,1,-0.7886502780172223,0.4073158706368008,0,0,0
73,1525.38,12,0,0,2,-0.5230328812812848,-0.49976872350082857,0,1,0
178,4109.28,6,2,0,0,0.6234854298776955,1.331844399277077,1,0,0
110,4968.56,9,4,0,1,1.0047618935228402,0.1456568530971,0,0,0
93,2158.02,0,0,0,0,-0.24232025913196895,-0.15089003344789423,1,0,0
115,2982.33,17,3,0,1,0.12343944870171622,0.2328765256103336,0,0,1
72,907.73,18,3,0,1,-0.7970941974650939,-0.5172126580034753,0,0,1
161,5985.2,20,3,0,0,1.4558615397385084,1.0352975127320827,1,0,1
149,640.27,18,2,0,3,-0.9157705345921425,0.825970298700322,0,0,1
67,707.58,18,2,0,0,-0.8859039965975952,-0.6044323305167089,0,0,1
198,772.05,21,6,1,3,-0.8572976126352052,1.6807230893300114,1,0,0
131,3857.51,19,5,1,1,0.5117710000621082,0.5119794776526811,0,0,1
158,4129.61,13,4,0,1,0.632506180396625,0.9829657092241425,0,1,0
46,2769.47,9,3,0,1,0.02899001655910206,-0.97075495507229,0,0,0
92,4846.5,21,2,0,2,0.9506018931125823,-0.16833396795054092,1,0,0
95,801.17,11,5,1,2,-0.8443765966435067,-0.11600216444260078,0,0,0
117,7271.71,5,1,0,0,2.0267068791437257,0.267764394615627,1,0,0
134,311.88,5,5,1,3,-1.0614825003034694,0.5643112811606212,1,0,0
168,291.45,19,4,0,3,-1.0705476224432497,1.1574050542506098,0,0,1
133,890.0,13,6,1,3,-0.8049612858419075,0.5468673466579745,0,1,0
125,476.7,12,4,0,4,-0.9883491948174897,0.4073158706368008,0,1,0
113,9324.21,21,5,1,0,2.9374343971025496,0.19798865660504017,1,0,0
155,1917.77,10,0,0,1,-0.34892307822556584,0.9306339057162023,0,0,0
30,2205.98,17,1,0,1,-0.2210396297720151,-1.2498579071146374,0,0,1
63,4005.61,18,5,1,2,0.5774853705418656,-0.6742080685272958,0,0,1
132,254.77,9,5,1,3,-1.0868231329712543,0.5294234121553278,0,0,0
104,2283.42,21,5,1,0,-0.18667824658530063,0.04099324608121969,1,0,0
187,907.29,22,6,1,3,-0.7972894325968366,1.4888398098008973,1,0,0
124,268.17,19,0,0,4,-1.0808773357772723,0.38987193613415405,0,0,1
150,1078.43,10,0,0,1,-0.7213518406730981,0.8434142332029687,0,0,0
153,1211.5,16,2,0,1,-0.6623065248071879,0.8957460367109089,0,0,0
5,1172.01,7,5,1,2,-0.6798288778810948,-1.6859562696808055,0,0,0
46,694.82,14,4,0,4,-0.8915658154181333,-0.97075495507229,0,1,0
137,5242.72,20,4,0,1,1.1264111292468797,0.6166430846685614,1,0,1
1,5496.25,18,1,0,0,1.2389064995894379,-1.7557320076913923,0,0,1
12,2375.19,17,2,0,1,-0.1459584101306934,-1.5638487281622784,0,0,1
151,6341.16,15,5,1,1,1.6138067613183493,0.8608581677056155,0,0,0
197,1964.71,16,5,1,2,-0.32809503939828827,1.6632791548273644,0,0,0
2,4950.03,20,1,0,0,0.9965398321792214,-1.7382880731887456,1,0,1
168,543.48,15,0,0,0,-0.9587178264134505,1.1574050542506098,0,0,0
65,3096.18,18,5,1,1,0.1739565390401387,-0.6393201995220024,0,0,1
71,2741.17,20,5,1,2,0.0164328478583788,-0.5346565925061221,1,0,1
144,4611.44,13,3,0,0,0.8463019611411319,0.7387506261870884,0,1,0
199,572.14,14,1,0,4,-0.946000919877665,1.698167023832658,0,1,0
180,577.78,18,1,0,3,-0.9434983604616903,1.3667322682823704,0,0,1
141,801.64,8,6,1,3,-0.844168050025509,0.6864188226791483,0,0,0
24,1144.41,17,1,0,2,-0.6920754452358638,-1.3545215141305178,0,0,1
68,804.31,14,4,0,2,-0.8429833277487976,-0.5869883960140622,0,1,0
168,3778.55,12,0,0,2,0.47673516823846446,1.1574050542506098,0,1,0
199,171.76,11,3,0,4,-1.123656015439348,1.698167023832658,0,0,0
74,1399.89,16,1,0,1,-0.5787148282867186,-0.4823247889981819,0,0,0
60,3164.9,4,3,0,1,0.20444871688867983,-0.726539872035236,1,0,0
71,2323.69,9,1,0,0,-0.16880979486875894,-0.5346565925061221,0,0,0
133,3640.71,12,2,0,1,0.41557332605797986,0.5468673466579745,0,1,0
150,1156.01,18,1,0,0,-0.6869283372171928,0.8434142332029687,0,0,1
50,388.98,12,2,0,3,-1.0272719806276471,-0.9009792170617031,0,1,0
19,1768.51,21,2,0,1,-0.4151521595071903,-1.4417411866437515,1,0,0
66,765.28,11,1,0,4,-0.8603015713667916,-0.6218762650193557,0,0,0
198,839.9,20,5,1,3,-0.8271914678880644,1.6807230893300114,1,0,1
118,480.52,18,3,0,4,-0.9866541989009963,0.28520832911827376,0,0,1
57,1966.8,20,5,1,2,-0.3271676725225105,-0.778871675543176,1,0,1
91,477.34,17,2,0,3,-0.9880652164440457,-0.18577790245318765,0,0,1
192,1599.7,15,3,0,2,-0.4900558926651095,1.576059482314131,0,0,0
91,556.49,6,1,0,4,-0.9529450785407857,-0.18577790245318765,1,0,0
128,7361.8,21,6,1,1,2.0666812723680428,0.45964767414474095,1,0,0
59,2390.38,10,4,0,0,-0.13921836092348533,-0.7439838065378827,0,0,0
21,385.99,19,4,0,3,-1.0285986920910803,-1.406853317638458,0,0,1
139,312.9,21,2,0,1,-1.0610299097707931,0.6515309536738548,1,0,0
148,2461.55,20,5,1,2,-0.10763907836410426,0.8085263641976753,1,0,1
72,775.39,14,0,0,4,-0.8558156004987948,-0.5172126580034753,0,1,0
139,626.02,10,1,0,1,-0.9220934905633549,0.6515309536738548,0,0,0
45,4157.8,14,4,0,1,0.645014540314413,-0.9881988895749367,0,1,0
54,2513.45,22,2,0,2,-0.08461020714263645,-0.8312034790511162,1,0,0
67,4911.92,16,6,1,1,0.9796298074730531,-0.6044323305167089,0,0,0
128,3998.91,15,2,0,0,0.5745124719448743,0.45964767414474095,0,0,0
103,469.06,11,5,1,3,-0.9917391866504764,0.02354931157857297,0,0,0
185,5845.95,13,0,0,1,1.3940740577040303,1.4539519407956039,0,1,0
51,832.01,19,6,1,3,-0.8306923887731779,-0.8835352825590564,0,0,1
35,2627.96,19,4,0,2,-0.0338002641065998,-1.162638234601404,0,0,1
77,4015.73,14,3,0,2,0.5819757785719475,-0.42999298549024173,0,1,0
66,2564.47,15,4,0,1,-0.06197180618465389,-0.6218762650193557,0,0,0
67,6068.07,19,4,0,0,1.492632301937411,-0.6044323305167089,0,0,1
90,4888.37,12,4,0,1,0.9691802907627337,-0.20322183695583437,0,1,0
167,4861.97,22,2,0,0,0.9574661828581721,1.1399611197479629,1,0,0
189,504.73,10,5,1,4,-0.9759118294930629,1.5237276788061909,0,0,0
162,1881.97,20,1,0,1,-0.36480811849008515,1.0527414472347294,1,0,1
104,4610.72,20,4,0,2,0.8459824854710079,0.04099324608121969,1,0,1
168,2119.32,7,2,0,1,-0.25949207640115596,1.1574050542506098,0,0,0
93,2285.42,17,2,0,2,-0.18579081416828838,-0.15089003344789423,0,0,1
6,1430.75,15,5,1,2,-0.5650217460922196,-1.6685123351781588,0,0,0
43,4719.78,18,2,0,2,0.8943741751706857,-1.0230867585802301,0,0,1
141,7070.73,7,1,0,0,1.9375287955581637,0.6864188226791483,0,0,0
40,5119.08,3,6,1,2,1.071550057227182,-1.0754185620881702,1,0,0
64,370.58,17,3,0,3,-1.0354363588641597,-0.6567641340246491,0,0,1
92,4456.97,13,1,0,0,0.7777611184131908,-0.16833396795054092,0,1,0
70,5734.56,20,6,1,2,1.3446485092385332,-0.5521005270087688,1,0,1
162,703.08,13,0,0,4,-0.8879007195358728,1.0527414472347294,0,1,0
137,4007.28,20,4,0,1,0.5782263766100708,0.6166430846685614,1,0,1
106,1630.91,20,4,0,1,-0.47620750979763327,0.07588111508651313,1,0,1
195,5751.38,10,5,1,0,1.352111815865606,1.628391285822071,0,0,0
123,454.35,12,3,0,1,-0.9982662520776017,0.37242800163150735,0,1,0
60,1912.68,1,3,0,1,-0.35118159372686203,-0.726539872035236,1,0,0
184,7081.23,15,0,0,0,1.9421878157474781,1.4365080062929572,0,0,0
109,2077.74,14,5,1,2,-0.2779417963508409,0.12821291859445327,0,1,0
73,4612.67,10,3,0,2,0.8468477320775947,-0.49976872350082857,0,0,0
18,517.72,19,6,1,4,-0.9701479559445685,-1.4591851211463982,0,0,1
126,3840.83,8,2,0,0,0.5043698137042258,0.4247598051394475,0,0,0
6,7795.57,12,3,0,0,2.2591520521317445,-1.6685123351781588,0,1,0
24,1431.85,22,2,0,0,-0.564533658262863,-1.3545215141305178,1,0,0
128,3489.03,1,5,1,1,0.34827045155177067,0.45964767414474095,1,0,0
15,575.19,15,5,1,4,-0.9446475854417212,-1.5115169246543383,0,0,0
50,5105.02,19,6,1,0,1.0653114073355863,-0.9009792170617031,0,0,1
198,233.58,19,4,0,3,-1.0962254794294992,1.6807230893300114,0,0,1
189,261.79,10,0,0,4,-1.0837082451875413,1.5237276788061909,0,0,0
83,630.04,15,5,1,4,-0.9203097514051602,-0.3253293784743614,0,0,0
134,9747.43,17,6,1,0,3.125223970866513,0.5643112811606212,0,0,1
56,1390.04,11,1,0,2,-0.5830854329405041,-0.7963156100458229,0,0,0
71,321.08,10,0,0,1,-1.057400311185213,-0.5346565925061221,0,0,0
122,525.52,8,4,0,2,-0.9666869695182205,0.3549840671288606,0,0,0
41,832.85,16,4,0,1,-0.8303196671580327,-1.0579746275855235,0,0,0
16,4751.93,7,0,0,2,0.9086396512741579,-1.4940729901516916,0,0,0
33,4039.41,16,3,0,2,0.5924829783893725,-1.1975261036066973,0,0,0
113,964.49,11,6,1,4,-0.7719088654702861,0.19798865660504017,0,0,0
65,4338.68,2,3,0,1,0.7252739281090012,-0.6393201995220024,1,0,0
48,2243.58,15,5,1,2,-0.2043559003321848,-0.9358670860669965,0,0,0
154,386.12,13,6,1,3,-1.0285410089839746,0.9131899712135556,0,1,0
117,2887.87,9,0,0,1,0.08152601564622748,0.267764394615627,0,0,0
5,4425.25,18,0,0,1,0.7636864402793764,-1.6859562696808055,0,0,1
138,1485.14,19,2,0,2,-0.5408880215115713,0.6340870191712081,0,0,1
40,3850.32,9,0,0,2,0.5085806805229491,-1.0754185620881702,0,0,0
12,2195.87,11,1,0,1,-0.2255256006400121,-1.5638487281622784,0,0,0
50,1344.61,9,2,0,0,-0.6032434602929374,-0.9009792170617031,0,0,0
152,444.4,4,5,1,3,-1.0026812283522375,0.8783021022082622,1,0,0
4,5888.27,5,4,0,0,1.41285212764801,-1.7034002041834522,1,0,0
93,933.83,17,5,1,4,-0.785513204423084,-0.15089003344789423,0,0,1
182,698.55,18,1,0,3,-0.8899107539604055,1.4016201372876638,0,0,1
56,843.37,19,0,0,0,-0.8256517726445483,-0.7963156100458229,0,0,1
49,2863.85,7,3,0,2,0.07086795231791033,-0.9184231515643498,0,0,0
107,5225.87,14,3,0,0,1.1189345111335514,0.09332504958915985,0,1,0
180,835.06,19,6,1,3,-0.8293390543372342,1.3667322682823704,0,0,1
169,6387.09,13,1,0,0,1.634186646775036,1.1748489887532565,0,1,0
81,964.53,15,6,1,3,-0.771891116821946,-0.36021724747965483,0,0,0
186,2423.52,23,0,0,1,-0.12451360577359234,1.4713958752982506,1,0,0
197,311.13,17,6,1,3,-1.061815287459849,1.6632791548273644,0,0,1
186,7664.8,21,0,0,0,2.201127283545399,1.4713958752982506,1,0,0
78,3266.66,22,4,0,1,0.24960127826626316,-0.412549050987595,1,0,0
177,7009.93,11,0,0,0,1.9105508500809916,1.31440046477443,0,0,0
147,3565.44,20,0,0,1,0.38217480704372375,0.7910824296950286,1,0,1
64,1409.89,8,5,1,2,-0.5742776662016573,-0.6567641340246491,0,0,0
146,3656.29,11,1,0,1,0.4224864245865053,0.7736384951923819,0,0,0
177,905.42,19,6,1,3,-0.798119181906743,1.31440046477443,0,0,1
77,851.99,16,5,1,4,-0.8218269389272255,-0.42999298549024173,0,0,0
90,827.91,18,4,0,1,-0.832511625228053,-0.20322183695583437,0,0,1
59,1070.63,14,6,1,4,-0.7248128270994458,-0.7439838065378827,0,1,0
135,796.3,20,6,1,4,-0.8465374945789317,0.5817552156632679,1,0,1
179,448.76,13,5,1,3,-1.000746625683151,1.3492883337797237,0,1,0
148,5070.11,9,0,0,2,1.049821274496637,0.8085263641976753,0,0,0
38,4767.17,7,1,0,1,0.9154018862917912,-1.1103064310934638,0,0,0
103,4511.05,12,2,0,1,0.8017572909692021,0.02354931157857297,0,1,0
124,3893.72,13,1,0,2,0.5278379639721149,0.38987193613415405,0,1,0
135,3398.22,10,1,0,1,0.30797658265732913,0.5817552156632679,0,0,0
176,3661.44,10,3,0,0,0.4247715630603119,1.2969565302717834,0,0,0
153,2322.82,7,3,0,2,-0.1691958279701592,0.8957460367109089,0,0,0
158,7743.98,3,6,1,1,2.2362607329349133,0.9829657092241425,1,0,0
40,5575.89,16,0,0,1,1.274244058434866,-1.0754185620881702,0,0,0
38,7692.69,8,3,0,0,2.2135025286006345,-1.1103064310934638,0,0,0
54,901.68,1,1,0,2,-0.7997786805265561,-0.8312034790511162,1,0,0
141,828.62,11,5,1,3,-0.8321965867200136,0.6864188226791483,0,0,0
170,844.24,17,5,1,4,-0.8252657395431479,1.1922929232559032,0,0,1
179,2587.76,5,4,0,0,-0.05163765568854601,1.3492883337797237,1,0,0
170,5754.65,11,2,0,1,1.353562767867421,1.1922929232559032,0,0,0
167,2723.58,12,0,0,0,0.00862787975075597,1.1399611197479629,0,1,0
153,5901.97,10,0,0,1,1.4189310397045438,0.8957460367109089,0,0,0
144,10100.06,8,5,1,0,3.281691617472028,0.7387506261870884,0,0,0
5,296.28,5,2,0,4,-1.0684044731561648,-1.6859562696808055,1,0,0
129,2028.48,17,2,0,1,-0.2997992567818526,0.47709160864738764,0,0,1
8,4512.83,19,0,0,2,0.8025471058203429,-1.6336244661728654,0,0,1
101,3005.04,21,1,0,0,0.13351624379689037,-0.011338557426720467,1,0,0
176,2750.92,8,0,0,2,0.020759080891313536,1.2969565302717834,0,0,0
80,2639.54,13,1,0,1,-0.02866203041209889,-0.3776611819823016,0,1,0
52,1518.74,12,0,0,1,-0.5259791569057656,-0.8660913480564096,0,1,0
35,2857.25,11,3,0,2,0.06793942534176994,-1.162638234601404,0,0,0
82,425.55,23,6,1,4,-1.011045278882578,-0.34277331297700814,1,0,0
82,193.21,15,1,0,4,-1.1141383027668914,-0.34277331297700814,0,0,0
114,4404.47,18,4,0,2,0.7544660174666192,0.21543259110768687,0,0,1
28,6369.78,21,4,0,0,1.6265059192057947,-1.284745776119931,1,0,0
60,3208.28,9,2,0,2,0.22369712601367564,-0.726539872035236,0,0,0
177,553.29,11,6,1,3,-0.9543649704080055,1.31440046477443,0,0,0
100,625.27,9,5,1,4,-0.9224262777197344,-0.028782491929367184,0,0,0
105,2791.74,15,6,1,0,0.038871576522533494,0.05843718058386641,0,0,0
53,300.95,21,1,0,4,-1.0663323184624416,-0.8486474135537629,1,0,0
158,449.82,9,1,0,4,-1.0002762865021342,0.9829657092241425,0,0,0
156,981.0,18,6,1,4,-0.76458311086785,0.9480778402188491,0,0,1
147,6171.66,18,6,1,2,1.5385968639765608,0.7910824296950286,0,0,1
117,808.9,16,6,1,3,-0.8409466703517544,0.267764394615627,0,0,0
189,4367.52,20,5,1,1,0.7380707035623179,1.5237276788061909,1,0,1
102,761.87,16,5,1,3,-0.8618146436377976,0.006105377075926253,0,0,0
76,1761.29,18,3,0,0,-0.4183557905326046,-0.4474369199928884,0,0,1
24,4486.72,20,1,0,2,0.7909616756162481,-1.3545215141305178,1,0,1
179,4730.43,8,1,0,2,0.8990997527912762,1.3492883337797237,0,0,0
183,3223.2,9,6,1,2,0.23031737184458687,1.4190640717903105,0,0,0
167,2990.8,20,4,0,0,0.12719772498776322,1.1399611197479629,1,0,1
135,1673.72,18,6,1,0,-0.45721201891148605,0.5817552156632679,0,0,1
41,623.89,18,0,0,4,-0.9230386060874729,-1.0579746275855235,0,0,1
39,2223.02,16,6,1,0,-0.21347870557907073,-1.0928624965908171,0,0,0
108,7665.16,20,6,1,0,2.2012870213804607,0.11076898409180656,1,0,1
34,2435.27,11,4,0,2,-0.11929994032364535,-1.1800821691040506,0,0,0
128,438.32,0,4,0,2,-1.0053790228999546,0.45964767414474095,1,0,0
122,7125.34,15,0,0,0,1.9617601377046836,0.3549840671288606,0,0,0
63,5067.24,13,2,0,0,1.0485478089782245,-0.6742080685272958,0,1,0
15,4180.97,11,0,0,2,0.6552954448655,-1.5115169246543383,0,0,0
148,948.67,13,6,1,0,-0.7789284558888531,0.8085263641976753,0,1,0
173,159.61,11,0,0,4,-1.1290471673726974,1.2446247267638433,0,0,0
144,3152.48,16,1,0,2,0.1989377615790337,0.7387506261870884,0,0,0
83,2140.24,22,1,0,2,-0.250209533319208,-0.3253293784743614,1,0,0
141,949.96,21,5,1,4,-0.7783560619798802,0.6864188226791483,1,0,0
135,5700.3,11,1,0,0,1.3294467919351132,0.5817552156632679,0,0,0
187,334.47,18,5,1,3,-1.0514589511533161,1.4888398098008973,0,0,1
181,5860.88,15,3,0,0,1.400698740697027,1.384176202785017,0,0,0
148,264.88,13,1,0,3,-1.0823371621032574,0.8085263641976753,0,1,0
127,4649.62,12,2,0,0,0.8632430459818959,0.4422037396420942,0,1,0
50,2669.93,20,2,0,0,-0.01517749483559776,-0.9009792170617031,1,0,1
158,4838.7,8,0,0,1,0.9471409066862343,0.9829657092241425,0,0,0
164,3460.39,13,4,0,1,0.33556241934015507,1.0876293162400228,0,1,0
130,2466.02,1,6,1,1,-0.10565566691208196,0.4945355431500344,1,0,0
88,5602.24,12,0,0,0,1.2859359805290023,-0.23810970596112782,0,1,0
87,554.12,18,1,0,2,-0.9539966859549454,-0.25555364046377455,0,0,1
35,542.67,14,2,0,1,-0.9590772365423404,-1.162638234601404,0,1,0
106,5732.87,10,5,1,2,1.3438986288461576,0.07588111508651313,0,0,0
81,5903.34,19,0,0,0,1.4195389309101971,-0.36021724747965483,0,0,1
91,5673.24,15,1,0,0,1.3174398313329372,-0.18577790245318765,0,0,0
97,634.2,22,1,0,0,-0.9184638919777746,-0.08111429543730735,1,0,0
193,5052.23,15,3,0,0,1.0418876286885475,1.5935034168167777,0,0,0
106,503.3,17,4,0,1,-0.9765463436712266,0.07588111508651313,0,0,1
78,3922.54,14,4,0,0,0.5406258651012615,-0.412549050987595,0,1,0
24,3967.21,8,1,0,2,0.5604466681352303,-1.3545215141305178,0,0,0
124,4588.64,14,0,0,2,0.8361852315871926,0.38987193613415405,0,1,0
26,4723.6,11,4,0,1,0.8960691710871794,-1.3196336451252244,0,0,0
134,5857.77,17,3,0,0,1.399318783288573,0.5643112811606212,0,0,1
153,685.26,0,0,0,4,-0.8958077423714519,0.8957460367109089,1,0,0
6,225.42,12,4,0,3,-1.0998462036909091,-1.6685123351781588,0,1,0
52,1282.99,18,3,0,2,-0.6305852530610848,-0.8660913480564096,0,0,1
41,4685.92,11,3,0,1,0.8793499443506685,-1.0579746275855235,0,0,0
27,534.62,8,0,0,4,-0.9626491520208149,-1.3021897106225777,0,0,0
147,497.7,16,5,1,3,-0.9790311544388611,0.7910824296950286,0,0,0
139,5354.3,9,3,0,1,1.1759209837919933,0.6515309536738548,0,0,0
23,7321.43,5,0,0,0,2.04876844903065,-1.3719654486331645,1,0,0
162,961.83,14,5,1,3,-0.7730891505849126,1.0527414472347294,0,1,0
172,1869.71,17,4,0,2,-0.37024807920637026,1.2271807922611966,0,0,1
146,864.78,7,5,1,4,-0.8161518086204321,0.7736384951923819,0,0,0
165,639.39,7,2,0,3,-0.916161004855628,1.1050732507426695,0,0,0
158,282.52,14,3,0,4,-1.0745100081852093,0.9829657092241425,0,1,0
84,4646.88,21,5,1,2,0.8620272635705892,-0.3078854439717147,1,0,0
123,1270.71,14,2,0,0,-0.63603408810154,0.37242800163150735,0,1,0
104,3061.51,19,3,0,0,0.15857289809123146,0.04099324608121969,0,0,1
137,834.56,13,6,1,3,-0.8295609124414872,0.6166430846685614,0,1,0
99,3710.06,13,3,0,1,0.4463450451178797,-0.046226426432013905,0,1,0
112,494.07,12,1,0,3,-0.9806418442757382,0.18054472210239345,0,1,0
183,1635.57,18,2,0,1,-0.4741397922659948,1.4190640717903105,0,0,1
84,4953.39,19,3,0,0,0.9980307186398022,-0.3078854439717147,0,0,1
176,1999.76,7,1,0,1,-0.31254278629014853,1.2969565302717834,0,0,0
170,3493.34,19,6,1,2,0.35018286841043206,1.1922929232559032,0,0,1
1,785.08,7,0,0,3,-0.8515159904383703,-1.7557320076913923,0,0,0
158,1920.97,17,4,0,1,-0.3475031863583462,0.9829657092241425,0,0,1
174,7053.35,13,3,0,0,1.9298170078543275,1.26206866126649,0,1,0
89,772.96,20,3,0,4,-0.8568938308854646,-0.2206657714584811,1,0,1
16,2804.27,16,4,0,2,0.04443134061511535,-1.4940729901516916,0,0,0
144,100.84,21,5,1,4,-1.1551243689466024,0.7387506261870884,1,0,0
161,673.16,7,3,0,0,-0.9011767084943761,1.0352975127320827,0,0,0
55,3127.62,18,5,1,2,0.18790697663557132,-0.8137595445484695,0,0,1
107,4691.81,9,0,0,0,0.8819634328187697,0.09332504958915985,0,0,0
3,264.92,12,5,1,4,-1.0823194134549172,-1.7208441386860989,0,1,0
35,7062.42,17,2,0,0,1.933841513865478,-1.162638234601404,0,0,1
179,595.4,8,3,0,3,-0.9356800808678124,1.3492883337797237,0,0,0
99,2407.93,21,0,0,2,-0.13143114146420293,-0.046226426432013905,1,0,0
128,384.85,10,3,0,1,-1.0291045285687774,0.45964767414474095,0,0,0
10,7437.66,17,2,0,0,2.100341583945317,-1.5987365971675718,0,0,1
177,3601.51,14,2,0,1,0.3981796506845398,1.31440046477443,0,1,0
120,5010.87,8,3,0,2,1.023535526304734,0.3200961981235672,0,0,0
121,198.59,6,3,0,3,-1.1117511095651285,0.3375401326262139,1,0,0
80,148.86,18,3,0,4,-1.1338171166141382,-0.3776611819823016,0,0,1
121,4671.0,5,1,0,1,0.872729698519757,0.3375401326262139,1,0,0
